User_id,Course_id,C_difficulty,C_duration,Time_taken
1,1,3.0,3.0,4.5
2,2,2.5,1.5,2.0
5,8,3.5,1.5,6.28
9,5,1.0,6.0,7.41
4,10,0.5,3.5,5.95
2,16,1.5,2.5,4.76
5,14,4.5,0.5,5.29
7,17,3.0,4.0,7.59
3,10,0.5,3.5,4.55
3,6,1.5,6.5,11.27
10,10,0.5,3.5,5.47
8,5,1.0,6.0,8.83
8,13,4.0,7.0,11.48
4,3,4.0,4.0,8.27
9,18,3.5,4.5,8.1
2,4,4.5,4.5,9.44
5,3,4.0,4.0,8.56
5,8,3.5,1.5,7.33
8,2,2.5,2.5,7.46
3,12,2.5,5.5,11.13
2,9,5.0,3.0,10.87
1,8,3.5,1.5,6.01
6,7,3.0,1.0,5.59
1,14,4.5,0.5,5.89
6,13,4.0,7.0,15.57
7,9,5.0,3.0,11.79
7,10,0.5,3.5,5.43
4,6,1.5,6.5,8.28
10,8,3.5,1.5,5.09
1,3,4.0,4.0,8.56
9,20,0.5,6.5,7.5
1,4,4.5,4.5,13.34
4,5,1.0,6.0,8.64
4,2,2.5,2.5,5.19
9,17,3.0,4.0,9.05
5,8,3.5,1.5,6.18
2,15,1.0,2.0,4.16
8,5,1.0,6.0,8.38
9,16,1.5,2.5,4.31
7,5,1.0,6.0,10.46
10,6,1.5,6.5,10.07
6,2,2.5,2.5,6.48
7,3,4.0,4.0,11.77
8,8,3.5,1.5,6.93
9,18,3.5,4.5,11.19
5,18,3.5,4.5,9.89
1,3,4.0,4.0,8.32
2,18,3.5,4.5,10.93
7,4,4.5,4.5,11.42
8,14,4.5,0.5,7.01
3,20,0.5,6.5,10.15
7,10,0.5,3.5,4.23
10,6,1.5,6.5,11.97
2,7,3.0,1.0,4.91
9,19,5.0,6.0,11.53
2,18,3.5,4.5,11.72
5,9,5.0,3.0,8.44
4,3,4.0,4.0,8.5
8,5,1.0,6.0,9.95
5,16,1.5,2.5,5.68
6,18,3.5,4.5,10.58
5,10,0.5,3.5,4.3
4,12,2.5,5.5,8.69
10,12,2.5,5.5,10.61
9,5,1.0,6.0,9.79
7,12,2.5,5.5,10.37
9,11,2.0,5.0,7.1
8,3,4.0,4.0,11.16
9,2,2.5,2.5,6.3
8,13,4.0,7.0,16.48
9,5,1.0,6.0,10.39
1,5,1.0,6.0,7.11
9,11,2.0,5.0,7.91
10,7,3.0,1.0,4.25
4,4,4.5,4.5,11.0
8,16,1.5,2.5,5.34
3,16,1.5,2.5,5.4
4,20,0.5,6.5,8.33
8,8,3.5,1.5,5.53
3,19,5.0,6.0,11.12
1,18,3.5,4.5,10.44
4,10,0.5,3.5,5.18
9,16,1.5,2.5,4.3
1,8,3.5,1.5,6.59
1,1,2.0,2.0,5.04
2,10,0.5,3.5,5.33
5,20,0.5,6.5,8.19
2,19,5.0,6.0,11.31
3,1,2.0,2.0,4.62
6,20,0.5,6.5,10.49
10,10,0.5,3.5,5.8
7,10,0.5,3.5,4.35
1,9,5.0,3.0,11.93
8,11,2.0,5.0,7.9
10,15,1.0,2.0,3.68
5,13,4.0,7.0,14.54
6,6,1.5,6.5,8.26
6,1,2.0,2.0,5.4
9,4,4.5,4.5,11.34
6,7,3.0,1.0,4.6
2,19,5.0,6.0,15.01
5,10,0.5,3.5,4.43
10,6,1.5,6.5,9.0
2,8,3.5,1.5,6.26
7,5,1.0,6.0,8.81
1,13,4.0,7.0,11.99
2,12,2.5,5.5,11.57
4,14,4.5,0.5,7.47
10,9,5.0,3.0,11.4
10,5,1.0,6.0,9.99
5,18,3.5,4.5,8.17
6,9,5.0,3.0,10.7
4,1,2.0,2.0,4.69
7,17,3.0,4.0,9.54
10,12,2.5,5.5,11.9
3,6,1.5,6.5,9.03
3,20,0.5,6.5,8.07
4,11,2.0,5.0,10.0
1,6,1.5,6.5,9.32
6,8,3.5,1.5,6.6
2,20,0.5,6.5,7.83
4,12,2.5,5.5,9.6
4,1,2.0,2.0,5.32
3,17,3.0,4.0,9.97
7,3,4.0,4.0,11.46
8,1,2.0,2.0,4.44
8,6,1.5,6.5,11.12
5,9,5.0,3.0,10.6
5,6,1.5,6.5,9.09
10,15,1.0,2.0,3.63
9,16,1.5,2.5,5.35
10,15,1.0,2.0,3.85
4,16,1.5,2.5,5.58
8,10,0.5,3.5,4.11
4,20,0.5,6.5,8.99
1,7,3.0,1.0,4.53
6,11,2.0,5.0,7.92
2,8,3.5,1.5,5.15
3,4,4.5,4.5,9.64
2,12,2.5,5.5,10.45
5,9,5.0,3.0,10.15
6,19,5.0,6.0,14.36
4,13,4.0,7.0,15.02
7,2,2.5,2.5,5.66
9,14,4.5,0.5,6.25
7,17,3.0,4.0,7.71
4,15,1.0,2.0,3.47
1,13,4.0,7.0,12.13
1,1,2.0,2.0,5.86
1,7,3.0,1.0,5.33
6,16,1.5,2.5,4.71
5,12,2.5,5.5,9.83
9,11,2.0,5.0,8.46
2,20,0.5,6.5,8.55
10,18,3.5,4.5,11.93
3,5,1.0,6.0,8.67
2,11,2.0,5.0,10.05
3,18,3.5,4.5,10.87
3,4,4.5,4.5,11.47
8,16,1.5,2.5,5.8
5,12,2.5,5.5,10.91
1,10,0.5,3.5,5.15
2,3,4.0,4.0,11.14
6,14,4.5,0.5,5.25
4,9,5.0,3.0,10.44
10,9,5.0,3.0,8.66
5,15,1.0,2.0,3.39
1,8,3.5,1.5,7.24
10,9,5.0,3.0,11.19
2,2,2.5,2.5,5.25
2,5,1.0,6.0,10.28
1,2,2.5,2.5,6.26
4,1,2.0,2.0,5.53
3,12,2.5,5.5,10.86
5,19,5.0,6.0,13.02
4,9,5.0,3.0,10.4
7,15,1.0,2.0,4.19
2,2,2.5,2.5,6.18
6,8,3.5,1.5,7.08
2,1,2.0,2.0,4.57
9,20,0.5,6.5,7.21
10,19,5.0,6.0,15.34
1,14,4.5,0.5,5.86
3,9,5.0,3.0,8.64
9,3,4.0,4.0,8.16
4,6,1.5,6.5,8.34
8,16,1.5,2.5,5.13
10,7,3.0,1.0,5.45
10,13,4.0,7.0,13.96
5,11,2.0,5.0,8.48
3,10,0.5,3.5,4.89
1,18,3.5,4.5,8.98
1,16,1.5,2.5,5.86
10,13,4.0,7.0,13.97
10,9,5.0,3.0,10.26
5,10,0.5,3.5,5.24
3,7,3.0,1.0,5.56
5,19,5.0,6.0,12.61
5,20,0.5,6.5,9.65
7,14,4.5,0.5,6.09
6,5,1.0,6.0,7.79
6,17,3.0,4.0,8.75
9,15,1.0,2.0,4.23
3,9,5.0,3.0,11.44
2,1,2.0,2.0,4.64
5,7,3.0,1.0,4.81
6,1,2.0,2.0,5.82
8,18,3.5,4.5,10.51
5,17,3.0,4.0,9.62
10,18,3.5,4.5,9.87
2,19,5.0,6.0,16.43
4,1,2.0,2.0,5.49
2,13,4.0,7.0,15.39
9,6,1.5,6.5,10.21
1,17,3.0,4.0,8.18
2,5,1.0,6.0,10.02
2,2,2.5,2.5,6.53
1,2,2.5,2.5,6.58
3,12,2.5,5.5,10.49
10,11,2.0,5.0,9.84
3,5,1.0,6.0,8.6
8,6,1.5,6.5,10.33
1,15,1.0,2.0,4.11
2,18,3.5,4.5,11.55
1,16,1.5,2.5,5.14
3,13,4.0,7.0,12.34
1,18,3.5,4.5,10.51
3,1,2.0,2.0,4.19
4,16,1.5,2.5,4.94
9,18,3.5,4.5,10.99
1,9,5.0,3.0,11.87
5,13,4.0,7.0,13.1
1,10,0.5,3.5,5.75
8,20,0.5,6.5,9.75
2,15,1.0,2.0,4.24
3,11,2.0,5.0,7.36
7,20,0.5,6.5,8.51
10,5,1.0,6.0,8.56
10,6,1.5,6.5,9.58
8,13,4.0,7.0,15.21
6,13,4.0,7.0,16.01
9,18,3.5,4.5,11.83
4,18,3.5,4.5,8.81
9,17,3.0,4.0,10.37
3,11,2.0,5.0,7.67
3,17,3.0,4.0,10.17
3,10,0.5,3.5,4.35
7,10,0.5,3.5,4.39
5,14,4.5,0.5,6.11
1,20,0.5,6.5,9.78
1,16,1.5,2.5,5.79
5,17,3.0,4.0,9.55
7,19,5.0,6.0,12.68
7,14,4.5,0.5,5.63
8,15,1.0,2.0,3.35
2,5,1.0,6.0,9.71
3,20,0.5,6.5,7.97
8,4,4.5,4.5,12.78
2,6,1.5,6.5,9.87
3,20,0.5,6.5,9.92
2,2,2.5,2.5,5.7
10,15,1.0,2.0,3.72
6,16,1.5,2.5,4.25
4,17,3.0,4.0,8.13
6,15,1.0,2.0,3.92
1,7,3.0,1.0,5.34
9,8,3.5,1.5,6.17
7,9,5.0,3.0,10.05
5,5,1.0,6.0,9.81
7,15,1.0,2.0,4.46
8,1,2.0,2.0,5.13
7,1,2.0,2.0,5.23
5,12,2.5,5.5,9.98
6,10,0.5,3.5,4.83
2,7,3.0,1.0,4.9
2,1,2.0,2.0,5.24
9,15,1.0,2.0,4.17
5,13,4.0,7.0,14.0
4,5,1.0,6.0,7.97
3,13,4.0,7.0,15.77
9,6,1.5,6.5,9.96
1,2,2.5,2.5,6.52
3,11,2.0,5.0,9.46
4,15,1.0,2.0,3.68
10,19,5.0,6.0,11.25
3,4,4.5,4.5,10.69
10,2,2.5,2.5,6.95
3,5,1.0,6.0,8.85
7,2,2.5,2.5,6.54
5,11,2.0,5.0,8.92
10,10,0.5,3.5,5.97
6,4,4.5,4.5,11.01
6,5,1.0,6.0,8.48
4,16,1.5,2.5,4.55
4,14,4.5,0.5,6.38
8,2,2.5,2.5,5.64
3,8,3.5,1.5,6.84
9,2,2.5,2.5,5.67
1,2,2.5,2.5,6.48
2,20,0.5,6.5,8.08
1,2,2.5,2.5,5.51
7,19,5.0,6.0,15.98
9,13,4.0,7.0,12.61
2,14,4.5,0.5,6.93
3,11,2.0,5.0,8.26
1,3,4.0,4.0,10.43
8,16,1.5,2.5,5.65
1,13,4.0,7.0,12.96
2,14,4.5,0.5,5.77
7,16,1.5,2.5,5.16
9,1,2.0,2.0,4.6
2,14,4.5,0.5,5.5
5,1,2.0,2.0,4.53
8,1,2.0,2.0,4.46
5,16,1.5,2.5,5.15
2,19,5.0,6.0,15.3
10,10,0.5,3.5,4.87
8,8,3.5,1.5,7.37
8,2,2.5,2.5,6.23
6,1,2.0,2.0,4.75
4,5,1.0,6.0,7.48
8,17,3.0,4.0,9.01
5,5,1.0,6.0,8.89
5,5,1.0,6.0,8.42
6,20,0.5,6.5,9.04
5,15,1.0,2.0,3.33
5,8,3.5,1.5,7.16
10,2,2.5,2.5,5.35
10,1,2.0,2.0,5.28
10,17,3.0,4.0,10.15
6,14,4.5,0.5,6.47
4,18,3.5,4.5,10.08
6,15,1.0,2.0,3.39
10,10,0.5,3.5,4.47
6,19,5.0,6.0,13.24
5,15,1.0,2.0,3.96
3,15,1.0,2.0,3.79
6,1,2.0,2.0,4.97
3,19,5.0,6.0,12.93
9,15,1.0,2.0,3.43
6,5,1.0,6.0,7.06
5,2,2.5,2.5,5.21
2,7,3.0,1.0,5.67
6,13,4.0,7.0,14.08
3,12,2.5,5.5,8.14
8,9,5.0,3.0,11.05
10,15,1.0,2.0,3.21
7,19,5.0,6.0,11.13
9,9,5.0,3.0,10.41
1,17,3.0,4.0,8.01
9,3,4.0,4.0,10.35
8,2,2.5,2.5,5.12
3,20,0.5,6.5,7.5
10,10,0.5,3.5,5.95
7,12,2.5,5.5,11.81
1,6,1.5,6.5,9.33
4,19,5.0,6.0,15.99
10,5,1.0,6.0,9.23
3,19,5.0,6.0,11.54
6,14,4.5,0.5,6.65
7,14,4.5,0.5,5.05
9,13,4.0,7.0,11.71
6,14,4.5,0.5,5.16
1,12,2.5,5.5,10.7
5,2,2.5,2.5,6.06
6,13,4.0,7.0,12.01
8,18,3.5,4.5,11.64
10,7,3.0,1.0,5.46
5,20,0.5,6.5,9.72
1,1,2.0,2.0,5.75
3,7,3.0,1.0,5.85
4,7,3.0,1.0,4.46
4,1,2.0,2.0,4.22
3,8,3.5,1.5,7.14
9,18,3.5,4.5,9.64
5,6,1.5,6.5,8.01
2,9,5.0,3.0,8.66
7,19,5.0,6.0,12.79
3,5,1.0,6.0,9.32
8,6,1.5,6.5,11.5
10,7,3.0,1.0,6.0
3,8,3.5,1.5,7.05
5,3,4.0,4.0,8.47
1,19,5.0,6.0,13.49
1,10,0.5,3.5,4.13
2,20,0.5,6.5,7.48
3,1,2.0,2.0,5.17
6,18,3.5,4.5,9.83
1,1,2.0,2.0,4.24
2,14,4.5,0.5,6.07
9,4,4.5,4.5,13.2
7,4,4.5,4.5,13.46
9,3,4.0,4.0,10.2
5,12,2.5,5.5,8.25
2,6,1.5,6.5,10.31
6,17,3.0,4.0,9.28
4,17,3.0,4.0,9.02
7,9,5.0,3.0,8.68
4,4,4.5,4.5,13.05
8,6,1.5,6.5,11.55
8,17,3.0,4.0,8.57
8,8,3.5,1.5,5.81
6,17,3.0,4.0,7.74
10,7,3.0,1.0,4.62
3,4,4.5,4.5,9.11
10,5,1.0,6.0,9.31
4,3,4.0,4.0,8.34
4,12,2.5,5.5,8.62
2,3,4.0,4.0,10.72
5,20,0.5,6.5,9.14
8,20,0.5,6.5,9.53
9,1,2.0,2.0,5.8
6,16,1.5,2.5,5.7
9,10,0.5,3.5,4.32
8,1,2.0,2.0,4.61
1,15,1.0,2.0,4.23
5,19,5.0,6.0,12.81
3,2,2.5,2.5,5.89
1,6,1.5,6.5,8.3
6,18,3.5,4.5,10.71
1,19,5.0,6.0,11.22
4,10,0.5,3.5,4.56
9,10,0.5,3.5,4.4
4,19,5.0,6.0,15.79
4,2,2.5,2.5,6.01
8,6,1.5,6.5,8.07
8,10,0.5,3.5,4.51
4,15,1.0,2.0,4.16
3,6,1.5,6.5,9.53
10,16,1.5,2.5,5.57
10,2,2.5,2.5,7.14
6,9,5.0,3.0,11.76
6,19,5.0,6.0,13.03
6,18,3.5,4.5,8.34
8,12,2.5,5.5,11.97
8,8,3.5,1.5,6.32
5,18,3.5,4.5,11.74
1,10,0.5,3.5,4.33
7,10,0.5,3.5,4.42
4,4,4.5,4.5,13.12
2,19,5.0,6.0,14.19
7,2,2.5,2.5,7.47
8,8,3.5,1.5,6.88
6,5,1.0,6.0,8.98
1,10,0.5,3.5,4.08
6,20,0.5,6.5,9.84
5,17,3.0,4.0,9.85
7,4,4.5,4.5,9.23
6,6,1.5,6.5,9.64
7,12,2.5,5.5,10.4
10,18,3.5,4.5,11.34
9,7,3.0,1.0,4.35
8,12,2.5,5.5,9.64
7,5,1.0,6.0,10.3
4,13,4.0,7.0,11.42
4,11,2.0,5.0,7.42
2,10,0.5,3.5,4.88
9,13,4.0,7.0,11.54
1,4,4.5,4.5,9.01
2,13,4.0,7.0,13.13
6,1,2.0,2.0,5.73
4,4,4.5,4.5,11.03
6,17,3.0,4.0,8.87
9,13,4.0,7.0,12.22
1,5,1.0,6.0,8.05
4,1,2.0,2.0,4.03
3,17,3.0,4.0,7.4
7,2,2.5,2.5,7.0
1,15,1.0,2.0,3.08
9,7,3.0,1.0,5.24
8,1,2.0,2.0,5.17
2,15,1.0,2.0,3.88
4,10,0.5,3.5,4.73
9,1,2.0,2.0,4.27
5,19,5.0,6.0,13.5
1,17,3.0,4.0,7.37
5,5,1.0,6.0,9.59
5,10,0.5,3.5,5.47
2,6,1.5,6.5,9.76
1,20,0.5,6.5,7.08
7,10,0.5,3.5,4.96
7,20,0.5,6.5,8.84
6,8,3.5,1.5,5.94
2,18,3.5,4.5,9.24
3,6,1.5,6.5,9.62
6,8,3.5,1.5,7.38
6,14,4.5,0.5,7.48
3,2,2.5,2.5,6.01
7,10,0.5,3.5,5.69
3,15,1.0,2.0,4.41
9,1,2.0,2.0,4.46
5,2,2.5,2.5,5.37
3,11,2.0,5.0,8.82
7,20,0.5,6.5,8.61
9,18,3.5,4.5,9.53
1,7,3.0,1.0,5.69
7,20,0.5,6.5,7.84
6,6,1.5,6.5,9.68
10,13,4.0,7.0,14.97
1,7,3.0,1.0,4.44
4,16,1.5,2.5,5.86
10,16,1.5,2.5,5.12
8,4,4.5,4.5,13.46
2,4,4.5,4.5,9.37
7,14,4.5,0.5,7.27
7,19,5.0,6.0,13.17
4,11,2.0,5.0,8.17
5,5,1.0,6.0,8.85
8,10,0.5,3.5,5.26
9,3,4.0,4.0,10.11
5,13,4.0,7.0,13.08
1,10,0.5,3.5,4.54
10,12,2.5,5.5,8.95
6,2,2.5,2.5,5.59
8,2,2.5,2.5,5.33
1,15,1.0,2.0,3.38
7,3,4.0,4.0,9.09
2,13,4.0,7.0,12.39
8,14,4.5,0.5,5.19
6,20,0.5,6.5,10.48
8,15,1.0,2.0,3.22
2,6,1.5,6.5,8.39
2,20,0.5,6.5,8.99
1,19,5.0,6.0,16.26
4,4,4.5,4.5,9.48
3,11,2.0,5.0,7.02
5,5,1.0,6.0,10.13
6,16,1.5,2.5,4.14
4,1,2.0,2.0,5.4
1,1,2.0,2.0,5.3
6,18,3.5,4.5,8.69
4,15,1.0,2.0,3.37
5,18,3.5,4.5,9.73
4,5,1.0,6.0,8.77
2,3,4.0,4.0,9.84
5,6,1.5,6.5,10.08
7,1,2.0,2.0,4.13
10,12,2.5,5.5,8.59
1,11,2.0,5.0,10.22
6,5,1.0,6.0,8.0
9,7,3.0,1.0,5.29
1,15,1.0,2.0,3.88
10,19,5.0,6.0,12.84
8,18,3.5,4.5,8.46
3,18,3.5,4.5,9.18
1,9,5.0,3.0,11.72
6,2,2.5,2.5,7.08
2,17,3.0,4.0,8.71
7,19,5.0,6.0,15.58
10,12,2.5,5.5,10.74
5,20,0.5,6.5,10.27
8,15,1.0,2.0,3.15
3,19,5.0,6.0,16.14
9,18,3.5,4.5,8.37
8,9,5.0,3.0,11.69
3,20,0.5,6.5,8.4
1,14,4.5,0.5,7.5
1,12,2.5,5.5,9.99
5,3,4.0,4.0,10.68
7,15,1.0,2.0,4.23
5,10,0.5,3.5,5.99
1,15,1.0,2.0,3.02
8,4,4.5,4.5,12.48
10,13,4.0,7.0,11.16
9,7,3.0,1.0,5.91
9,3,4.0,4.0,10.6
1,4,4.5,4.5,12.07
6,15,1.0,2.0,4.06
8,12,2.5,5.5,10.17
3,13,4.0,7.0,11.44
8,5,1.0,6.0,10.36
6,12,2.5,5.5,10.72
2,11,2.0,5.0,9.3
4,20,0.5,6.5,8.32
4,11,2.0,5.0,10.46
5,19,5.0,6.0,14.09
4,11,2.0,5.0,8.33
1,16,1.5,2.5,5.38
6,17,3.0,4.0,10.12
6,10,0.5,3.5,4.53
7,13,4.0,7.0,12.34
4,14,4.5,0.5,6.92
3,20,0.5,6.5,10.33
2,20,0.5,6.5,8.39
1,5,1.0,6.0,7.62
7,20,0.5,6.5,8.14
5,20,0.5,6.5,9.86
1,18,3.5,4.5,9.94
8,13,4.0,7.0,12.59
9,10,0.5,3.5,4.93
10,18,3.5,4.5,9.24
10,4,4.5,4.5,12.1
6,18,3.5,4.5,9.62
4,19,5.0,6.0,15.32
8,7,3.0,1.0,5.86
4,20,0.5,6.5,8.5
10,6,1.5,6.5,8.13
10,8,3.5,1.5,5.88
10,12,2.5,5.5,8.73
3,6,1.5,6.5,8.54
3,11,2.0,5.0,7.98
1,4,4.5,4.5,11.07
10,4,4.5,4.5,12.48
5,6,1.5,6.5,10.41
4,5,1.0,6.0,9.21
5,20,0.5,6.5,8.16
9,15,1.0,2.0,3.91
3,15,1.0,2.0,3.82
9,12,2.5,5.5,11.03
2,6,1.5,6.5,9.86
2,18,3.5,4.5,11.54
3,13,4.0,7.0,11.93
7,11,2.0,5.0,8.61
8,12,2.5,5.5,10.75
4,8,3.5,1.5,5.29
8,12,2.5,5.5,8.98
7,20,0.5,6.5,9.43
3,5,1.0,6.0,8.87
2,17,3.0,4.0,8.96
7,17,3.0,4.0,9.21
10,20,0.5,6.5,9.64
6,5,1.0,6.0,10.33
1,8,3.5,1.5,6.32
2,2,2.5,2.5,6.52
9,10,0.5,3.5,5.61
8,20,0.5,6.5,7.67
4,20,0.5,6.5,7.33
2,12,2.5,5.5,8.64
9,11,2.0,5.0,7.31
5,11,2.0,5.0,7.67
7,13,4.0,7.0,14.2
1,6,1.5,6.5,11.07
7,4,4.5,4.5,10.56
6,9,5.0,3.0,11.88
8,13,4.0,7.0,13.57
4,14,4.5,0.5,6.52
8,11,2.0,5.0,9.16
10,2,2.5,2.5,6.84
1,15,1.0,2.0,3.11
9,18,3.5,4.5,11.54
5,3,4.0,4.0,9.13
1,1,2.0,2.0,4.56
6,5,1.0,6.0,8.47
4,14,4.5,0.5,5.14
2,13,4.0,7.0,15.94
1,10,0.5,3.5,4.81
8,13,4.0,7.0,11.2
10,19,5.0,6.0,11.98
4,9,5.0,3.0,8.53
6,2,2.5,2.5,5.38
4,9,5.0,3.0,8.95
10,4,4.5,4.5,9.52
6,1,2.0,2.0,4.13
4,8,3.5,1.5,7.32
1,20,0.5,6.5,8.11
8,15,1.0,2.0,3.45
4,7,3.0,1.0,5.0
8,8,3.5,1.5,5.59
10,14,4.5,0.5,6.6
8,7,3.0,1.0,5.66
4,3,4.0,4.0,9.03
7,10,0.5,3.5,5.99
5,13,4.0,7.0,14.66
8,2,2.5,2.5,6.52
10,20,0.5,6.5,10.05
8,6,1.5,6.5,11.56
6,17,3.0,4.0,9.17
5,12,2.5,5.5,10.61
8,5,1.0,6.0,7.86
3,5,1.0,6.0,9.98
10,2,2.5,2.5,5.84
3,17,3.0,4.0,8.5
7,1,2.0,2.0,4.92
9,12,2.5,5.5,9.35
8,2,2.5,2.5,7.4
9,14,4.5,0.5,7.01
6,20,0.5,6.5,10.5
6,17,3.0,4.0,8.49
6,12,2.5,5.5,11.56
2,19,5.0,6.0,13.58
2,20,0.5,6.5,7.32
1,7,3.0,1.0,4.57
4,1,2.0,2.0,4.98
9,18,3.5,4.5,9.06
1,20,0.5,6.5,7.26
5,14,4.5,0.5,7.3
8,5,1.0,6.0,8.65
9,14,4.5,0.5,6.91
9,16,1.5,2.5,5.81
7,20,0.5,6.5,7.66
1,15,1.0,2.0,4.44
9,5,1.0,6.0,8.35
6,18,3.5,4.5,9.91
4,18,3.5,4.5,10.09
10,13,4.0,7.0,11.13
2,10,0.5,3.5,5.84
3,1,2.0,2.0,5.73
3,15,1.0,2.0,3.41
8,9,5.0,3.0,11.36
6,10,0.5,3.5,5.87
3,8,3.5,1.5,5.94
3,15,1.0,2.0,3.12
8,17,3.0,4.0,7.94
9,11,2.0,5.0,9.76
3,12,2.5,5.5,8.01
1,3,4.0,4.0,10.33
7,14,4.5,0.5,5.1
9,7,3.0,1.0,4.03
6,8,3.5,1.5,5.0
8,6,1.5,6.5,9.55
5,7,3.0,1.0,4.09
2,16,1.5,2.5,4.82
2,5,1.0,6.0,9.82
9,1,2.0,2.0,5.64
4,5,1.0,6.0,8.61
4,17,3.0,4.0,8.27
1,5,1.0,6.0,8.15
9,13,4.0,7.0,12.2
1,5,1.0,6.0,7.02
9,18,3.5,4.5,8.83
1,16,1.5,2.5,5.46
3,19,5.0,6.0,16.26
8,9,5.0,3.0,9.37
7,19,5.0,6.0,13.93
10,16,1.5,2.5,5.26
3,14,4.5,0.5,7.48
5,11,2.0,5.0,7.48
3,2,2.5,2.5,7.17
2,13,4.0,7.0,14.87
3,4,4.5,4.5,9.85
4,17,3.0,4.0,9.52
5,18,3.5,4.5,9.91
1,8,3.5,1.5,5.67
2,20,0.5,6.5,8.35
8,12,2.5,5.5,9.48
8,4,4.5,4.5,9.26
4,12,2.5,5.5,11.02
8,17,3.0,4.0,8.98
5,8,3.5,1.5,5.52
4,11,2.0,5.0,9.12
6,8,3.5,1.5,6.1
10,10,0.5,3.5,4.13
3,14,4.5,0.5,7.09
5,11,2.0,5.0,7.25
2,5,1.0,6.0,7.1
6,16,1.5,2.5,4.66
3,13,4.0,7.0,13.41
3,2,2.5,2.5,6.76
2,13,4.0,7.0,11.76
10,6,1.5,6.5,9.99
6,9,5.0,3.0,9.24
5,19,5.0,6.0,11.79
8,3,4.0,4.0,10.93
2,19,5.0,6.0,11.1
4,4,4.5,4.5,11.76
3,19,5.0,6.0,15.59
6,7,3.0,1.0,5.93
9,17,3.0,4.0,7.35
5,10,0.5,3.5,4.84
9,20,0.5,6.5,7.58
10,9,5.0,3.0,11.44
3,19,5.0,6.0,14.51
5,11,2.0,5.0,9.15
5,12,2.5,5.5,11.57
1,10,0.5,3.5,4.22
8,13,4.0,7.0,11.25
7,18,3.5,4.5,10.85
7,7,3.0,1.0,4.06
9,14,4.5,0.5,6.37
3,16,1.5,2.5,5.17
10,5,1.0,6.0,8.64
8,15,1.0,2.0,3.09
1,1,2.0,2.0,4.41
8,11,2.0,5.0,7.7
8,5,1.0,6.0,7.24
2,4,4.5,4.5,10.79
10,15,1.0,2.0,3.1
8,1,2.0,2.0,4.89
3,12,2.5,5.5,8.55
7,3,4.0,4.0,8.18
7,11,2.0,5.0,10.35
6,1,2.0,2.0,5.2
8,2,2.5,2.5,6.82
2,6,1.5,6.5,11.52
10,15,1.0,2.0,4.28
9,20,0.5,6.5,8.01
8,1,2.0,2.0,5.8
6,11,2.0,5.0,10.41
8,20,0.5,6.5,10.15
5,11,2.0,5.0,8.03
9,8,3.5,1.5,6.82
2,3,4.0,4.0,10.19
4,18,3.5,4.5,8.83
3,20,0.5,6.5,10.39
2,3,4.0,4.0,9.97
6,9,5.0,3.0,8.41
6,19,5.0,6.0,12.19
4,12,2.5,5.5,11.28
5,4,4.5,4.5,10.54
6,12,2.5,5.5,8.62
8,13,4.0,7.0,14.76
6,1,2.0,2.0,4.26
4,11,2.0,5.0,10.49
4,13,4.0,7.0,14.69
8,6,1.5,6.5,9.09
3,13,4.0,7.0,12.55
9,8,3.5,1.5,5.72
9,6,1.5,6.5,11.46
1,15,1.0,2.0,4.25
3,10,0.5,3.5,4.81
1,7,3.0,1.0,5.61
10,17,3.0,4.0,8.45
6,19,5.0,6.0,11.93
7,4,4.5,4.5,11.13
7,9,5.0,3.0,8.16
10,18,3.5,4.5,10.61
2,13,4.0,7.0,14.07
9,19,5.0,6.0,15.49
2,20,0.5,6.5,9.45
1,17,3.0,4.0,9.32
7,18,3.5,4.5,9.71
10,19,5.0,6.0,14.83
10,18,3.5,4.5,8.95
1,7,3.0,1.0,5.98
1,20,0.5,6.5,8.47
6,10,0.5,3.5,5.12
9,2,2.5,2.5,5.32
7,18,3.5,4.5,10.41
4,7,3.0,1.0,4.98
4,18,3.5,4.5,11.27
2,18,3.5,4.5,11.3
8,13,4.0,7.0,12.42
4,8,3.5,1.5,6.55
5,13,4.0,7.0,13.41
4,11,2.0,5.0,10.18
10,19,5.0,6.0,14.73
4,7,3.0,1.0,4.31
6,3,4.0,4.0,9.85
2,16,1.5,2.5,4.14
1,14,4.5,0.5,6.91
8,1,2.0,2.0,4.01
4,4,4.5,4.5,9.33
2,3,4.0,4.0,8.18
1,11,2.0,5.0,8.03
2,3,4.0,4.0,11.82
2,14,4.5,0.5,6.96
6,14,4.5,0.5,6.29
4,15,1.0,2.0,3.79
3,19,5.0,6.0,13.04
7,12,2.5,5.5,9.61
3,5,1.0,6.0,7.47
5,3,4.0,4.0,8.53
5,18,3.5,4.5,9.44
6,13,4.0,7.0,12.38
1,11,2.0,5.0,8.43
1,12,2.5,5.5,8.47
5,16,1.5,2.5,5.58
6,9,5.0,3.0,11.83
10,12,2.5,5.5,10.84
6,16,1.5,2.5,4.45
9,12,2.5,5.5,9.16
4,20,0.5,6.5,8.18
7,11,2.0,5.0,9.8
5,10,0.5,3.5,4.92
7,10,0.5,3.5,4.61
1,18,3.5,4.5,11.48
4,12,2.5,5.5,10.71
3,1,2.0,2.0,4.29
4,9,5.0,3.0,9.75
8,12,2.5,5.5,11.78
8,14,4.5,0.5,5.89
10,7,3.0,1.0,5.01
1,17,3.0,4.0,8.98
6,14,4.5,0.5,5.09
9,4,4.5,4.5,10.83
10,12,2.5,5.5,10.73
8,4,4.5,4.5,10.56
10,11,2.0,5.0,7.79
5,9,5.0,3.0,11.07
7,2,2.5,2.5,7.18
4,11,2.0,5.0,7.93
7,2,2.5,2.5,5.7
4,9,5.0,3.0,9.68
2,7,3.0,1.0,4.78
4,17,3.0,4.0,9.12
8,2,2.5,2.5,6.43
7,5,1.0,6.0,7.84
6,20,0.5,6.5,7.37
5,4,4.5,4.5,11.21
8,2,2.5,2.5,6.64
2,3,4.0,4.0,10.28
7,6,1.5,6.5,11.44
7,7,3.0,1.0,5.07
2,1,2.0,2.0,4.12
10,12,2.5,5.5,11.23
1,17,3.0,4.0,8.85
10,2,2.5,2.5,6.03
8,9,5.0,3.0,11.91
6,19,5.0,6.0,14.29
3,6,1.5,6.5,11.18
1,3,4.0,4.0,11.75
3,6,1.5,6.5,8.24
9,10,0.5,3.5,5.05
1,16,1.5,2.5,5.17
1,16,1.5,2.5,5.21
10,10,0.5,3.5,4.16
8,13,4.0,7.0,12.99
5,2,2.5,2.5,5.99
1,7,3.0,1.0,4.28
2,11,2.0,5.0,8.6
5,8,3.5,1.5,5.25
10,8,3.5,1.5,6.16
8,4,4.5,4.5,9.98
9,5,1.0,6.0,9.28
9,20,0.5,6.5,7.3
2,18,3.5,4.5,11.81
7,5,1.0,6.0,7.39
7,2,2.5,2.5,7.25
5,14,4.5,0.5,6.87
10,2,2.5,2.5,7.23
1,13,4.0,7.0,11.87
2,19,5.0,6.0,11.64
10,18,3.5,4.5,9.45
4,12,2.5,5.5,11.34
5,1,2.0,2.0,5.02
4,12,2.5,5.5,9.43
2,18,3.5,4.5,8.92
8,2,2.5,2.5,7.38
6,20,0.5,6.5,9.09
2,3,4.0,4.0,11.65
6,1,2.0,2.0,5.52
10,18,3.5,4.5,8.46
7,5,1.0,6.0,7.63
7,3,4.0,4.0,9.52
5,17,3.0,4.0,9.31
6,18,3.5,4.5,9.98
3,11,2.0,5.0,8.74
2,17,3.0,4.0,9.25
1,14,4.5,0.5,5.3
4,7,3.0,1.0,4.57
2,16,1.5,2.5,5.94
5,16,1.5,2.5,5.32
3,5,1.0,6.0,7.52
4,19,5.0,6.0,11.37
1,5,1.0,6.0,7.82
6,9,5.0,3.0,11.64
6,14,4.5,0.5,5.32
10,13,4.0,7.0,14.41
5,1,2.0,2.0,5.27
2,18,3.5,4.5,10.76
8,2,2.5,2.5,7.25
10,20,0.5,6.5,7.51
10,16,1.5,2.5,4.05
4,4,4.5,4.5,9.76
10,15,1.0,2.0,4.46
10,19,5.0,6.0,11.43
10,1,2.0,2.0,4.68
4,7,3.0,1.0,5.7
2,1,2.0,2.0,4.38
10,7,3.0,1.0,4.77
6,15,1.0,2.0,4.04
7,8,3.5,1.5,5.98
8,15,1.0,2.0,3.55
3,17,3.0,4.0,10.23
7,3,4.0,4.0,10.63
9,1,2.0,2.0,5.97
2,17,3.0,4.0,8.55
4,8,3.5,1.5,5.59
7,9,5.0,3.0,8.02
1,7,3.0,1.0,4.61
5,8,3.5,1.5,5.84
9,16,1.5,2.5,4.83
10,9,5.0,3.0,10.39
6,4,4.5,4.5,12.89
1,5,1.0,6.0,8.2
1,7,3.0,1.0,5.23
4,17,3.0,4.0,7.06
8,9,5.0,3.0,10.93
1,5,1.0,6.0,9.37
5,11,2.0,5.0,10.39
8,13,4.0,7.0,14.57
4,17,3.0,4.0,8.21
4,5,1.0,6.0,9.97
7,15,1.0,2.0,3.1
7,20,0.5,6.5,8.71
10,20,0.5,6.5,8.65
8,7,3.0,1.0,4.76
6,16,1.5,2.5,5.67
4,17,3.0,4.0,9.43
5,3,4.0,4.0,10.07
10,9,5.0,3.0,9.02
2,10,0.5,3.5,5.05
9,20,0.5,6.5,9.5
5,3,4.0,4.0,11.42
5,18,3.5,4.5,10.6
7,8,3.5,1.5,5.34
8,9,5.0,3.0,9.18
2,13,4.0,7.0,16.39
8,16,1.5,2.5,5.94
4,7,3.0,1.0,4.67
5,8,3.5,1.5,6.56
4,16,1.5,2.5,4.91
8,7,3.0,1.0,4.69
3,3,4.0,4.0,11.58
5,18,3.5,4.5,10.94
5,18,3.5,4.5,11.59
6,16,1.5,2.5,5.28
6,11,2.0,5.0,10.49
6,12,2.5,5.5,10.16
8,9,5.0,3.0,11.9
7,11,2.0,5.0,9.94
1,17,3.0,4.0,9.8
7,17,3.0,4.0,7.71
1,13,4.0,7.0,13.07
4,6,1.5,6.5,10.29
4,19,5.0,6.0,13.29
3,20,0.5,6.5,9.33
6,14,4.5,0.5,6.74
1,16,1.5,2.5,5.21
4,4,4.5,4.5,10.43
3,19,5.0,6.0,14.74
2,11,2.0,5.0,7.39
8,14,4.5,0.5,6.08
2,6,1.5,6.5,8.04
2,9,5.0,3.0,11.37
9,16,1.5,2.5,4.8
10,11,2.0,5.0,8.89
3,12,2.5,5.5,9.85
2,14,4.5,0.5,6.55
4,7,3.0,1.0,4.31
9,20,0.5,6.5,8.71
5,15,1.0,2.0,3.64
3,2,2.5,2.5,7.3
1,18,3.5,4.5,9.65
5,9,5.0,3.0,11.0
8,17,3.0,4.0,9.55
1,13,4.0,7.0,12.91
1,14,4.5,0.5,6.33
5,16,1.5,2.5,5.7
4,15,1.0,2.0,4.03
10,5,1.0,6.0,9.32
1,15,1.0,2.0,3.59
6,6,1.5,6.5,9.75
8,4,4.5,4.5,12.19
3,1,2.0,2.0,5.06
2,4,4.5,4.5,10.6
9,14,4.5,0.5,7.1
3,20,0.5,6.5,8.45
6,18,3.5,4.5,9.43
7,6,1.5,6.5,11.85
10,5,1.0,6.0,7.35
1,2,2.5,2.5,7.38
10,15,1.0,2.0,4.23
9,10,0.5,3.5,4.14
4,13,4.0,7.0,12.84
6,10,0.5,3.5,4.35
3,4,4.5,4.5,11.35
8,2,2.5,2.5,5.63
1,12,2.5,5.5,9.09
10,1,2.0,2.0,4.57
7,7,3.0,1.0,5.58
9,12,2.5,5.5,9.45
4,17,3.0,4.0,8.93
2,9,5.0,3.0,11.13
9,20,0.5,6.5,8.06
2,20,0.5,6.5,7.42
7,6,1.5,6.5,11.31
10,5,1.0,6.0,9.24
2,19,5.0,6.0,13.45
9,18,3.5,4.5,8.32
2,14,4.5,0.5,5.05
4,7,3.0,1.0,4.12
1,3,4.0,4.0,9.55
5,5,1.0,6.0,8.77
10,6,1.5,6.5,9.08
10,13,4.0,7.0,16.24
7,20,0.5,6.5,8.73
8,2,2.5,2.5,6.12
2,6,1.5,6.5,10.95
10,11,2.0,5.0,7.2
4,13,4.0,7.0,13.63
3,20,0.5,6.5,10.19
6,17,3.0,4.0,10.01
2,16,1.5,2.5,5.66
8,10,0.5,3.5,5.83
6,20,0.5,6.5,10.37
2,7,3.0,1.0,5.77
1,9,5.0,3.0,9.69
5,12,2.5,5.5,9.73
3,11,2.0,5.0,9.12
3,6,1.5,6.5,8.75
7,12,2.5,5.5,11.46
5,17,3.0,4.0,9.55
5,1,2.0,2.0,4.18
10,13,4.0,7.0,16.13
1,6,1.5,6.5,10.75
7,4,4.5,4.5,11.78
3,11,2.0,5.0,8.91
9,18,3.5,4.5,9.64
6,11,2.0,5.0,8.38
6,2,2.5,2.5,5.08
10,7,3.0,1.0,4.46
8,1,2.0,2.0,4.12
9,5,1.0,6.0,9.97
4,8,3.5,1.5,7.08
9,3,4.0,4.0,10.31
5,8,3.5,1.5,6.35
4,16,1.5,2.5,5.47
3,16,1.5,2.5,4.16
1,3,4.0,4.0,10.07
10,19,5.0,6.0,12.49
8,2,2.5,2.5,6.45
9,19,5.0,6.0,11.87
5,2,2.5,2.5,7.08
8,17,3.0,4.0,9.46
2,5,1.0,6.0,7.73
3,3,4.0,4.0,8.09
2,18,3.5,4.5,11.85
7,11,2.0,5.0,9.8
1,7,3.0,1.0,5.33
5,5,1.0,6.0,8.78
8,8,3.5,1.5,7.05
2,16,1.5,2.5,4.24
5,18,3.5,4.5,11.08
4,17,3.0,4.0,8.5
9,6,1.5,6.5,9.52
4,17,3.0,4.0,7.77
10,16,1.5,2.5,5.06
10,12,2.5,5.5,8.04
10,2,2.5,2.5,7.32
6,6,1.5,6.5,9.49
9,4,4.5,4.5,11.59
9,4,4.5,4.5,11.44
6,18,3.5,4.5,9.32
1,20,0.5,6.5,7.63
7,1,2.0,2.0,4.62
7,8,3.5,1.5,6.18
9,11,2.0,5.0,8.24
2,15,1.0,2.0,4.37
4,7,3.0,1.0,4.89
10,8,3.5,1.5,5.05
6,15,1.0,2.0,3.4
9,11,2.0,5.0,8.64
10,7,3.0,1.0,4.06
1,17,3.0,4.0,7.05
10,1,2.0,2.0,5.32
6,10,0.5,3.5,5.85
8,15,1.0,2.0,3.91
6,13,4.0,7.0,15.07
1,2,2.5,2.5,5.81
4,16,1.5,2.5,5.63
7,17,3.0,4.0,7.2
6,12,2.5,5.5,8.0
7,6,1.5,6.5,11.75
1,15,1.0,2.0,3.27
4,2,2.5,2.5,5.69
5,10,0.5,3.5,4.61
4,1,2.0,2.0,5.47
9,15,1.0,2.0,3.95
9,6,1.5,6.5,11.74
2,11,2.0,5.0,8.44
4,17,3.0,4.0,8.22
1,9,5.0,3.0,8.88
1,20,0.5,6.5,8.72
5,20,0.5,6.5,9.95
1,7,3.0,1.0,5.96
10,16,1.5,2.5,5.45
7,13,4.0,7.0,13.23
9,3,4.0,4.0,9.17
4,17,3.0,4.0,8.15
9,12,2.5,5.5,8.28
10,6,1.5,6.5,9.81
8,18,3.5,4.5,8.01
8,5,1.0,6.0,7.58
7,18,3.5,4.5,11.56
4,18,3.5,4.5,11.77
5,13,4.0,7.0,13.32
5,15,1.0,2.0,4.46
10,14,4.5,0.5,6.62
9,4,4.5,4.5,12.48
2,17,3.0,4.0,9.02
1,9,5.0,3.0,10.32
5,18,3.5,4.5,10.27
1,4,4.5,4.5,11.42
10,18,3.5,4.5,9.23
1,2,2.5,2.5,5.44
6,7,3.0,1.0,4.17
3,20,0.5,6.5,8.74
5,6,1.5,6.5,9.86
2,12,2.5,5.5,11.9
5,17,3.0,4.0,7.54
6,6,1.5,6.5,8.03
10,5,1.0,6.0,7.64
1,12,2.5,5.5,11.62
9,7,3.0,1.0,5.28
7,16,1.5,2.5,5.0
6,12,2.5,5.5,8.71
7,11,2.0,5.0,9.02
2,16,1.5,2.5,5.56
6,6,1.5,6.5,9.43
1,5,1.0,6.0,8.03
8,10,0.5,3.5,4.56
2,11,2.0,5.0,9.64
9,10,0.5,3.5,4.36
2,6,1.5,6.5,9.87
3,6,1.5,6.5,8.75
6,19,5.0,6.0,11.68
5,2,2.5,2.5,6.62
7,10,0.5,3.5,4.27
4,15,1.0,2.0,3.52
1,17,3.0,4.0,7.47
7,15,1.0,2.0,3.87
10,3,4.0,4.0,8.53
1,2,2.5,2.5,5.26
5,14,4.5,0.5,7.19
1,8,3.5,1.5,6.35
3,8,3.5,1.5,5.61
6,3,4.0,4.0,9.75
5,7,3.0,1.0,4.49
3,15,1.0,2.0,3.4
3,4,4.5,4.5,12.69
2,18,3.5,4.5,8.0
9,6,1.5,6.5,9.8
10,17,3.0,4.0,9.22
8,5,1.0,6.0,8.06
2,3,4.0,4.0,8.75
9,2,2.5,2.5,5.76
4,20,0.5,6.5,8.0
2,5,1.0,6.0,9.66
2,1,2.0,2.0,5.49
9,10,0.5,3.5,4.0
7,9,5.0,3.0,10.17
7,4,4.5,4.5,9.35
10,2,2.5,2.5,7.12
8,10,0.5,3.5,4.04
6,12,2.5,5.5,11.57
9,5,1.0,6.0,9.11
3,1,2.0,2.0,4.12
2,10,0.5,3.5,4.26
6,1,2.0,2.0,5.41
3,17,3.0,4.0,7.71
9,14,4.5,0.5,7.23
10,17,3.0,4.0,7.07
1,12,2.5,5.5,8.64
9,20,0.5,6.5,9.2
1,13,4.0,7.0,16.38
2,13,4.0,7.0,11.73
5,1,2.0,2.0,4.84
5,7,3.0,1.0,4.12
4,3,4.0,4.0,10.45
6,9,5.0,3.0,11.09
6,1,2.0,2.0,4.7
2,17,3.0,4.0,7.37
6,19,5.0,6.0,12.3
1,1,2.0,2.0,4.35
8,13,4.0,7.0,15.46
9,3,4.0,4.0,10.14
8,18,3.5,4.5,11.3
1,11,2.0,5.0,10.11
8,7,3.0,1.0,5.32
2,1,2.0,2.0,5.17
2,1,2.0,2.0,4.33
1,13,4.0,7.0,11.19
2,4,4.5,4.5,9.79
2,19,5.0,6.0,12.31
7,1,2.0,2.0,4.36
4,12,2.5,5.5,8.3
10,13,4.0,7.0,15.17
4,6,1.5,6.5,8.27
2,3,4.0,4.0,11.17
6,9,5.0,3.0,8.26
5,9,5.0,3.0,9.26
1,9,5.0,3.0,8.38
7,16,1.5,2.5,4.57
7,20,0.5,6.5,7.97
9,16,1.5,2.5,4.33
4,4,4.5,4.5,11.0
5,18,3.5,4.5,10.7
6,17,3.0,4.0,8.28
7,10,0.5,3.5,5.73
10,18,3.5,4.5,9.72
2,3,4.0,4.0,10.78
9,7,3.0,1.0,4.91
3,16,1.5,2.5,4.89
7,13,4.0,7.0,14.86
2,6,1.5,6.5,10.12
3,16,1.5,2.5,5.88
5,19,5.0,6.0,13.56
6,12,2.5,5.5,11.54
4,10,0.5,3.5,5.65
1,14,4.5,0.5,7.4
9,5,1.0,6.0,8.32
7,11,2.0,5.0,9.24
8,20,0.5,6.5,9.7
1,15,1.0,2.0,3.57
9,6,1.5,6.5,11.01
5,16,1.5,2.5,5.27
5,17,3.0,4.0,7.87
6,18,3.5,4.5,8.06
8,15,1.0,2.0,3.84
1,2,2.5,2.5,7.42
8,8,3.5,1.5,7.23
4,8,3.5,1.5,6.81
3,3,4.0,4.0,9.38
9,1,2.0,2.0,4.99
7,12,2.5,5.5,10.41
3,11,2.0,5.0,7.24
7,9,5.0,3.0,9.13
4,11,2.0,5.0,9.75
5,5,1.0,6.0,9.18
10,3,4.0,4.0,8.01
4,7,3.0,1.0,4.74
2,7,3.0,1.0,4.73
10,7,3.0,1.0,5.64
7,18,3.5,4.5,11.44
7,10,0.5,3.5,5.16
2,7,3.0,1.0,5.94
9,5,1.0,6.0,8.74
7,16,1.5,2.5,4.77
6,18,3.5,4.5,8.32
5,8,3.5,1.5,5.3
5,15,1.0,2.0,3.16
9,1,2.0,2.0,4.35
4,3,4.0,4.0,8.43
5,20,0.5,6.5,9.46
9,17,3.0,4.0,7.18
2,9,5.0,3.0,8.69
8,1,2.0,2.0,5.26
2,11,2.0,5.0,9.32
1,14,4.5,0.5,5.53
2,6,1.5,6.5,9.51
5,7,3.0,1.0,4.66
4,15,1.0,2.0,3.57
3,6,1.5,6.5,11.23
2,3,4.0,4.0,8.65
10,14,4.5,0.5,5.67
9,11,2.0,5.0,9.17
6,13,4.0,7.0,13.26
9,14,4.5,0.5,6.67
2,17,3.0,4.0,8.14
3,14,4.5,0.5,5.74
9,3,4.0,4.0,8.27
7,10,0.5,3.5,5.22
5,15,1.0,2.0,3.15
10,5,1.0,6.0,9.41
3,20,0.5,6.5,9.25
9,12,2.5,5.5,10.82
8,17,3.0,4.0,8.82
9,3,4.0,4.0,11.4
8,4,4.5,4.5,12.99
1,20,0.5,6.5,8.27
7,12,2.5,5.5,11.72
7,1,2.0,2.0,5.93
6,8,3.5,1.5,5.35
4,2,2.5,2.5,5.29
5,1,2.0,2.0,4.21
3,20,0.5,6.5,9.48
2,12,2.5,5.5,8.64
6,20,0.5,6.5,10.17
10,16,1.5,2.5,5.35
9,7,3.0,1.0,4.31
7,5,1.0,6.0,9.62
10,13,4.0,7.0,12.68
8,8,3.5,1.5,6.5
8,6,1.5,6.5,11.52
1,20,0.5,6.5,8.01
2,5,1.0,6.0,9.29
1,11,2.0,5.0,8.03
5,10,0.5,3.5,5.04
3,2,2.5,2.5,5.13
1,14,4.5,0.5,5.92
1,12,2.5,5.5,9.67
2,14,4.5,0.5,6.15
1,2,2.5,2.5,6.07
6,10,0.5,3.5,5.37
3,11,2.0,5.0,7.44
4,9,5.0,3.0,9.62
3,14,4.5,0.5,6.08
4,19,5.0,6.0,15.97
1,5,1.0,6.0,7.45
5,15,1.0,2.0,4.35
7,11,2.0,5.0,9.34
9,2,2.5,2.5,6.48
6,16,1.5,2.5,5.31
3,8,3.5,1.5,6.29
9,8,3.5,1.5,6.85
4,6,1.5,6.5,11.03
4,8,3.5,1.5,6.82
6,17,3.0,4.0,9.44
1,1,2.0,2.0,5.76
5,11,2.0,5.0,9.3
2,12,2.5,5.5,10.53
5,17,3.0,4.0,8.9
8,3,4.0,4.0,10.41
6,6,1.5,6.5,10.82
9,7,3.0,1.0,5.58
3,12,2.5,5.5,10.2
5,15,1.0,2.0,4.27
3,1,2.0,2.0,5.41
3,19,5.0,6.0,13.62
7,12,2.5,5.5,9.88
7,8,3.5,1.5,5.39
8,16,1.5,2.5,4.21
7,5,1.0,6.0,8.6
10,17,3.0,4.0,9.03
3,13,4.0,7.0,12.8
8,6,1.5,6.5,9.89
6,12,2.5,5.5,9.96
5,9,5.0,3.0,9.82
3,6,1.5,6.5,8.67
5,10,0.5,3.5,4.75
1,5,1.0,6.0,10.11
6,13,4.0,7.0,13.51
4,11,2.0,5.0,7.79
6,19,5.0,6.0,13.04
5,9,5.0,3.0,11.58
9,17,3.0,4.0,8.43
6,3,4.0,4.0,9.44
3,18,3.5,4.5,11.31
6,17,3.0,4.0,8.62
9,11,2.0,5.0,7.26
4,20,0.5,6.5,9.84
7,19,5.0,6.0,15.01
2,4,4.5,4.5,10.39
4,14,4.5,0.5,5.39
6,6,1.5,6.5,9.14
1,20,0.5,6.5,7.13
10,18,3.5,4.5,11.75
7,19,5.0,6.0,12.7
8,19,5.0,6.0,15.05
10,16,1.5,2.5,5.35
3,8,3.5,1.5,6.31
1,15,1.0,2.0,3.72
2,16,1.5,2.5,4.38
7,10,0.5,3.5,5.43
3,19,5.0,6.0,16.3
1,1,2.0,2.0,4.01
8,14,4.5,0.5,6.1
3,11,2.0,5.0,9.37
9,16,1.5,2.5,5.58
1,17,3.0,4.0,8.67
4,13,4.0,7.0,16.36
6,19,5.0,6.0,12.63
5,15,1.0,2.0,4.4
5,8,3.5,1.5,5.61
6,12,2.5,5.5,11.29
8,18,3.5,4.5,9.31
7,10,0.5,3.5,5.02
1,9,5.0,3.0,10.97
1,16,1.5,2.5,5.51
6,3,4.0,4.0,8.29
2,2,2.5,2.5,5.93
4,20,0.5,6.5,9.13
2,8,3.5,1.5,7.12
6,3,4.0,4.0,8.04
8,16,1.5,2.5,5.64
1,18,3.5,4.5,10.88
6,6,1.5,6.5,10.01
8,9,5.0,3.0,10.05
5,9,5.0,3.0,8.72
9,15,1.0,2.0,4.17
9,10,0.5,3.5,4.72
7,11,2.0,5.0,9.29
1,4,4.5,4.5,12.92
10,14,4.5,0.5,5.31
1,1,2.0,2.0,5.36
9,13,4.0,7.0,14.91
2,19,5.0,6.0,15.17
10,15,1.0,2.0,3.83
2,5,1.0,6.0,7.26
1,16,1.5,2.5,4.55
1,7,3.0,1.0,5.24
7,4,4.5,4.5,12.56
6,1,2.0,2.0,5.22
5,10,0.5,3.5,4.65
9,19,5.0,6.0,14.68
8,18,3.5,4.5,10.72
8,19,5.0,6.0,15.74
4,10,0.5,3.5,5.06
2,19,5.0,6.0,14.68
7,3,4.0,4.0,11.17
3,3,4.0,4.0,11.96
10,11,2.0,5.0,10.16
9,4,4.5,4.5,10.64
8,7,3.0,1.0,5.35
10,19,5.0,6.0,16.31
4,3,4.0,4.0,9.24
1,3,4.0,4.0,11.98
4,20,0.5,6.5,7.81
5,16,1.5,2.5,5.27
3,8,3.5,1.5,5.74
2,20,0.5,6.5,10.44
3,1,2.0,2.0,5.79
2,4,4.5,4.5,10.95
7,13,4.0,7.0,14.69
3,8,3.5,1.5,5.21
5,20,0.5,6.5,9.41
7,7,3.0,1.0,5.54
2,18,3.5,4.5,9.53
2,5,1.0,6.0,7.31
4,1,2.0,2.0,5.4
1,16,1.5,2.5,5.99
4,13,4.0,7.0,11.72
10,15,1.0,2.0,4.38
5,8,3.5,1.5,7.11
1,12,2.5,5.5,11.48
4,7,3.0,1.0,5.19
1,6,1.5,6.5,8.41
7,20,0.5,6.5,10.04
3,5,1.0,6.0,7.68
5,19,5.0,6.0,13.56
9,2,2.5,2.5,6.48
6,13,4.0,7.0,11.57
9,9,5.0,3.0,11.74
10,17,3.0,4.0,8.07
3,5,1.0,6.0,7.25
9,16,1.5,2.5,4.81
5,9,5.0,3.0,11.24
4,12,2.5,5.5,10.49
10,17,3.0,4.0,7.76
10,16,1.5,2.5,5.5
1,16,1.5,2.5,4.25
5,19,5.0,6.0,11.75
5,5,1.0,6.0,7.62
7,6,1.5,6.5,9.38
8,1,2.0,2.0,4.14
10,11,2.0,5.0,8.59
8,3,4.0,4.0,10.71
1,2,2.5,2.5,5.05
2,14,4.5,0.5,5.33
9,20,0.5,6.5,9.81
7,14,4.5,0.5,6.71
4,6,1.5,6.5,11.6
3,15,1.0,2.0,3.42
1,8,3.5,1.5,6.91
7,18,3.5,4.5,11.54
2,4,4.5,4.5,12.43
5,13,4.0,7.0,11.28
4,17,3.0,4.0,10.38
10,15,1.0,2.0,4.46
6,19,5.0,6.0,14.97
5,7,3.0,1.0,4.21
2,17,3.0,4.0,10.08
4,9,5.0,3.0,10.11
6,10,0.5,3.5,5.25
2,12,2.5,5.5,8.73
7,13,4.0,7.0,12.2
3,17,3.0,4.0,8.88
2,2,2.5,2.5,7.35
10,13,4.0,7.0,15.63
8,7,3.0,1.0,4.54
1,9,5.0,3.0,11.86
6,2,2.5,2.5,5.79
4,9,5.0,3.0,11.88
8,14,4.5,0.5,5.71
5,16,1.5,2.5,5.97
5,20,0.5,6.5,10.17
8,11,2.0,5.0,10.49
2,11,2.0,5.0,8.99
8,17,3.0,4.0,9.82
6,16,1.5,2.5,5.92
10,17,3.0,4.0,9.29
6,13,4.0,7.0,16.31
10,13,4.0,7.0,14.59
9,3,4.0,4.0,9.51
2,18,3.5,4.5,10.69
1,14,4.5,0.5,5.2
6,11,2.0,5.0,9.59
1,14,4.5,0.5,6.69
5,2,2.5,2.5,7.05
6,16,1.5,2.5,5.52
4,15,1.0,2.0,3.79
3,6,1.5,6.5,11.53
5,14,4.5,0.5,5.55
7,6,1.5,6.5,11.74
2,8,3.5,1.5,5.38
8,9,5.0,3.0,10.58
2,2,2.5,2.5,5.09
1,8,3.5,1.5,6.68
7,1,2.0,2.0,4.24
9,1,2.0,2.0,5.55
3,8,3.5,1.5,7.44
6,5,1.0,6.0,9.58
10,15,1.0,2.0,4.1
6,16,1.5,2.5,4.47
6,4,4.5,4.5,11.0
10,19,5.0,6.0,15.87
3,15,1.0,2.0,3.34
9,13,4.0,7.0,11.07
6,16,1.5,2.5,5.38
4,17,3.0,4.0,7.28
10,5,1.0,6.0,7.91
10,12,2.5,5.5,9.15
1,13,4.0,7.0,12.33
5,6,1.5,6.5,10.73
5,19,5.0,6.0,15.55
5,13,4.0,7.0,15.43
3,16,1.5,2.5,5.98
10,15,1.0,2.0,3.26
10,6,1.5,6.5,8.26
9,16,1.5,2.5,5.69
7,2,2.5,2.5,7.02
3,14,4.5,0.5,6.01
1,14,4.5,0.5,6.78
3,14,4.5,0.5,6.82
10,16,1.5,2.5,5.72
5,7,3.0,1.0,4.1
7,4,4.5,4.5,13.42
2,9,5.0,3.0,9.69
6,4,4.5,4.5,10.66
1,14,4.5,0.5,5.54
1,18,3.5,4.5,8.91
3,1,2.0,2.0,5.21
3,19,5.0,6.0,16.12
3,2,2.5,2.5,6.53
10,16,1.5,2.5,5.51
9,17,3.0,4.0,7.29
9,9,5.0,3.0,9.57
6,16,1.5,2.5,5.84
6,18,3.5,4.5,10.75
10,10,0.5,3.5,4.59
3,7,3.0,1.0,4.39
2,10,0.5,3.5,5.59
3,18,3.5,4.5,8.17
1,18,3.5,4.5,11.84
2,15,1.0,2.0,3.3
1,19,5.0,6.0,14.73
3,1,2.0,2.0,5.7
9,19,5.0,6.0,15.73
8,17,3.0,4.0,9.11
10,15,1.0,2.0,3.63
2,3,4.0,4.0,8.66
7,17,3.0,4.0,8.53
3,9,5.0,3.0,9.11
4,8,3.5,1.5,6.03
9,6,1.5,6.5,8.82
4,19,5.0,6.0,12.46
10,14,4.5,0.5,5.34
10,15,1.0,2.0,4.4
8,12,2.5,5.5,9.42
2,12,2.5,5.5,9.51
3,13,4.0,7.0,11.35
3,1,2.0,2.0,5.23
10,7,3.0,1.0,4.39
7,12,2.5,5.5,11.18
2,2,2.5,2.5,6.27
4,10,0.5,3.5,5.05
7,10,0.5,3.5,4.66
7,15,1.0,2.0,3.7
7,3,4.0,4.0,9.39
10,11,2.0,5.0,9.41
5,14,4.5,0.5,5.96
1,4,4.5,4.5,11.9
5,17,3.0,4.0,8.46
6,14,4.5,0.5,7.45
10,13,4.0,7.0,11.87
7,13,4.0,7.0,13.0
9,15,1.0,2.0,4.5
3,20,0.5,6.5,7.36
2,9,5.0,3.0,10.85
4,16,1.5,2.5,4.94
10,20,0.5,6.5,7.95
5,15,1.0,2.0,4.23
5,6,1.5,6.5,10.02
10,17,3.0,4.0,7.09
10,17,3.0,4.0,8.27
2,5,1.0,6.0,10.17
4,3,4.0,4.0,11.16
3,1,2.0,2.0,5.83
6,9,5.0,3.0,9.84
1,15,1.0,2.0,4.42
7,10,0.5,3.5,4.17
7,5,1.0,6.0,9.15
6,12,2.5,5.5,8.25
8,6,1.5,6.5,10.27
6,15,1.0,2.0,3.58
3,1,2.0,2.0,5.18
1,6,1.5,6.5,9.85
4,5,1.0,6.0,9.58
9,15,1.0,2.0,3.86
3,20,0.5,6.5,7.1
3,4,4.5,4.5,11.37
9,8,3.5,1.5,5.75
9,16,1.5,2.5,4.96
6,8,3.5,1.5,7.12
6,1,2.0,2.0,5.88
5,13,4.0,7.0,13.56
9,12,2.5,5.5,9.58
10,5,1.0,6.0,9.74
2,4,4.5,4.5,11.76
2,7,3.0,1.0,5.52
2,12,2.5,5.5,8.16
7,1,2.0,2.0,4.04
9,10,0.5,3.5,4.16
6,8,3.5,1.5,6.17
4,9,5.0,3.0,10.3
3,13,4.0,7.0,14.73
3,16,1.5,2.5,5.39
8,2,2.5,2.5,5.76
9,20,0.5,6.5,9.55
7,10,0.5,3.5,5.16
5,15,1.0,2.0,3.89
4,6,1.5,6.5,8.55
1,10,0.5,3.5,5.89
6,6,1.5,6.5,8.29
4,9,5.0,3.0,11.4
8,3,4.0,4.0,8.79
7,10,0.5,3.5,5.08
4,17,3.0,4.0,9.24
5,12,2.5,5.5,9.28
6,13,4.0,7.0,14.64
10,12,2.5,5.5,8.96
1,19,5.0,6.0,12.54
5,9,5.0,3.0,8.22
8,17,3.0,4.0,9.94
4,20,0.5,6.5,7.64
6,13,4.0,7.0,12.71
10,8,3.5,1.5,5.73
2,10,0.5,3.5,5.51
1,18,3.5,4.5,11.5
5,4,4.5,4.5,11.97
3,6,1.5,6.5,10.89
9,1,2.0,2.0,4.85
10,19,5.0,6.0,16.48
4,6,1.5,6.5,10.06
2,10,0.5,3.5,4.5
9,2,2.5,2.5,5.42
10,13,4.0,7.0,12.82
4,8,3.5,1.5,5.35
6,16,1.5,2.5,5.62
8,14,4.5,0.5,6.97
10,19,5.0,6.0,14.81
9,14,4.5,0.5,7.08
8,9,5.0,3.0,11.37
9,18,3.5,4.5,10.2
10,19,5.0,6.0,15.67
7,6,1.5,6.5,10.21
5,15,1.0,2.0,4.11
3,1,2.0,2.0,4.35
1,6,1.5,6.5,8.43
8,16,1.5,2.5,4.44
6,9,5.0,3.0,9.58
7,15,1.0,2.0,3.12
8,1,2.0,2.0,4.33
10,1,2.0,2.0,4.5
2,2,2.5,2.5,6.39
1,9,5.0,3.0,10.33
7,19,5.0,6.0,15.06
10,10,0.5,3.5,5.5
3,13,4.0,7.0,15.47
8,18,3.5,4.5,9.16
2,16,1.5,2.5,5.34
4,16,1.5,2.5,5.56
5,1,2.0,2.0,5.75
3,10,0.5,3.5,5.42
8,12,2.5,5.5,10.02
9,4,4.5,4.5,10.99
6,9,5.0,3.0,9.07
6,18,3.5,4.5,10.39
1,10,0.5,3.5,4.68
9,7,3.0,1.0,4.98
4,15,1.0,2.0,3.0
2,3,4.0,4.0,8.18
7,8,3.5,1.5,6.1
7,10,0.5,3.5,4.02
4,10,0.5,3.5,5.3
8,6,1.5,6.5,11.36
8,8,3.5,1.5,6.85
5,14,4.5,0.5,6.92
2,11,2.0,5.0,10.11
4,16,1.5,2.5,4.89
9,14,4.5,0.5,5.92
2,14,4.5,0.5,6.73
5,8,3.5,1.5,5.2
5,5,1.0,6.0,8.01
6,13,4.0,7.0,13.13
1,13,4.0,7.0,12.45
9,15,1.0,2.0,4.27
7,17,3.0,4.0,7.03
3,1,2.0,2.0,4.63
10,16,1.5,2.5,5.96
7,16,1.5,2.5,5.98
10,10,0.5,3.5,4.71
9,13,4.0,7.0,16.0
6,17,3.0,4.0,7.51
2,18,3.5,4.5,10.61
8,5,1.0,6.0,8.77
3,7,3.0,1.0,4.55
1,13,4.0,7.0,11.81
1,1,2.0,2.0,5.43
10,3,4.0,4.0,10.53
2,17,3.0,4.0,10.21
4,17,3.0,4.0,8.78
2,8,3.5,1.5,7.14
10,11,2.0,5.0,10.3
4,18,3.5,4.5,9.88
7,5,1.0,6.0,9.17
3,11,2.0,5.0,9.98
7,2,2.5,2.5,5.44
3,4,4.5,4.5,9.96
7,15,1.0,2.0,3.46
5,19,5.0,6.0,12.15
2,13,4.0,7.0,13.46
1,18,3.5,4.5,10.16
8,6,1.5,6.5,11.05
6,6,1.5,6.5,10.29
9,9,5.0,3.0,9.07
8,4,4.5,4.5,11.48
5,13,4.0,7.0,15.24
4,17,3.0,4.0,7.37
1,3,4.0,4.0,11.05
9,1,2.0,2.0,4.92
8,2,2.5,2.5,6.65
4,15,1.0,2.0,4.22
7,3,4.0,4.0,9.02
4,17,3.0,4.0,9.57
7,10,0.5,3.5,5.79
1,5,1.0,6.0,8.9
6,2,2.5,2.5,5.44
8,1,2.0,2.0,4.78
6,13,4.0,7.0,13.26
6,13,4.0,7.0,11.71
3,19,5.0,6.0,14.75
10,4,4.5,4.5,9.69
9,8,3.5,1.5,6.56
6,20,0.5,6.5,8.05
7,5,1.0,6.0,8.48
8,12,2.5,5.5,10.77
9,7,3.0,1.0,5.05
4,20,0.5,6.5,8.83
5,7,3.0,1.0,5.42
9,11,2.0,5.0,9.12
9,18,3.5,4.5,10.08
9,15,1.0,2.0,3.77
1,18,3.5,4.5,8.21
2,17,3.0,4.0,9.2
6,16,1.5,2.5,5.79
3,15,1.0,2.0,3.15
10,3,4.0,4.0,10.86
10,3,4.0,4.0,10.4
10,11,2.0,5.0,8.34
9,9,5.0,3.0,10.02
8,20,0.5,6.5,9.68
8,3,4.0,4.0,11.16
7,19,5.0,6.0,12.58
7,11,2.0,5.0,8.36
5,11,2.0,5.0,10.09
9,20,0.5,6.5,9.21
9,4,4.5,4.5,13.24
6,13,4.0,7.0,14.37
2,1,2.0,2.0,5.05
7,5,1.0,6.0,7.02
1,9,5.0,3.0,11.16
8,12,2.5,5.5,10.52
1,9,5.0,3.0,9.37
5,9,5.0,3.0,8.32
9,18,3.5,4.5,11.99
5,1,2.0,2.0,4.48
8,9,5.0,3.0,11.66
5,17,3.0,4.0,7.9
3,10,0.5,3.5,5.47
3,14,4.5,0.5,6.84
2,1,2.0,2.0,4.18
4,5,1.0,6.0,8.24
6,20,0.5,6.5,7.54
2,17,3.0,4.0,10.21
9,10,0.5,3.5,4.54
7,6,1.5,6.5,8.77
9,9,5.0,3.0,8.84
4,4,4.5,4.5,11.35
10,3,4.0,4.0,10.38
9,14,4.5,0.5,5.61
4,13,4.0,7.0,12.13
2,10,0.5,3.5,4.72
3,10,0.5,3.5,4.39
5,7,3.0,1.0,4.88
8,6,1.5,6.5,10.43
9,4,4.5,4.5,12.88
7,1,2.0,2.0,4.67
1,2,2.5,2.5,6.46
6,11,2.0,5.0,9.18
10,11,2.0,5.0,8.33
7,12,2.5,5.5,8.85
9,15,1.0,2.0,4.32
1,5,1.0,6.0,7.52
8,4,4.5,4.5,10.61
4,7,3.0,1.0,4.86
10,19,5.0,6.0,12.28
9,16,1.5,2.5,5.04
5,3,4.0,4.0,9.88
10,4,4.5,4.5,9.1
1,20,0.5,6.5,9.67
7,20,0.5,6.5,8.93
4,2,2.5,2.5,6.6
10,11,2.0,5.0,10.21
9,12,2.5,5.5,8.21
3,9,5.0,3.0,9.32
4,5,1.0,6.0,7.58
6,16,1.5,2.5,5.0
2,11,2.0,5.0,8.27
7,4,4.5,4.5,10.49
1,7,3.0,1.0,4.17
6,15,1.0,2.0,4.04
7,1,2.0,2.0,5.37
5,15,1.0,2.0,3.31
7,18,3.5,4.5,8.23
7,8,3.5,1.5,7.06
6,12,2.5,5.5,10.2
5,7,3.0,1.0,5.54
3,12,2.5,5.5,8.01
7,16,1.5,2.5,4.05
7,1,2.0,2.0,5.17
7,11,2.0,5.0,7.47
2,2,2.5,2.5,6.39
9,2,2.5,2.5,5.1
6,15,1.0,2.0,4.08
4,9,5.0,3.0,10.38
4,2,2.5,2.5,5.62
4,16,1.5,2.5,4.56
7,11,2.0,5.0,8.86
6,6,1.5,6.5,10.74
8,10,0.5,3.5,4.43
5,10,0.5,3.5,5.1
6,13,4.0,7.0,16.27
7,9,5.0,3.0,11.49
9,1,2.0,2.0,5.12
8,4,4.5,4.5,9.65
5,3,4.0,4.0,11.56
2,4,4.5,4.5,10.07
10,4,4.5,4.5,11.65
4,8,3.5,1.5,5.11
2,20,0.5,6.5,7.37
10,4,4.5,4.5,10.88
1,5,1.0,6.0,9.89
7,17,3.0,4.0,8.32
1,18,3.5,4.5,9.75
7,8,3.5,1.5,5.44
3,15,1.0,2.0,3.68
9,16,1.5,2.5,5.68
5,9,5.0,3.0,8.03
8,20,0.5,6.5,7.96
1,3,4.0,4.0,11.11
5,19,5.0,6.0,14.51
8,5,1.0,6.0,7.18
8,12,2.5,5.5,9.23
8,15,1.0,2.0,3.39
6,14,4.5,0.5,6.02
6,20,0.5,6.5,10.09
8,10,0.5,3.5,4.96
4,15,1.0,2.0,3.87
7,17,3.0,4.0,8.12
5,1,2.0,2.0,5.81
5,3,4.0,4.0,9.57
1,20,0.5,6.5,8.34
1,5,1.0,6.0,8.87
3,19,5.0,6.0,15.46
2,12,2.5,5.5,9.61
5,5,1.0,6.0,9.75
1,13,4.0,7.0,16.49
3,8,3.5,1.5,6.34
6,3,4.0,4.0,8.08
10,8,3.5,1.5,7.25
2,18,3.5,4.5,11.92
7,5,1.0,6.0,7.9
10,3,4.0,4.0,9.32
10,12,2.5,5.5,9.3
2,14,4.5,0.5,7.38
6,8,3.5,1.5,6.23
3,20,0.5,6.5,9.61
7,1,2.0,2.0,4.36
9,14,4.5,0.5,6.29
9,18,3.5,4.5,8.98
10,17,3.0,4.0,9.39
6,1,2.0,2.0,4.57
10,13,4.0,7.0,11.56
9,4,4.5,4.5,13.44
7,7,3.0,1.0,4.41
3,15,1.0,2.0,3.61
2,11,2.0,5.0,9.39
10,10,0.5,3.5,5.54
8,12,2.5,5.5,10.22
10,10,0.5,3.5,4.97
9,9,5.0,3.0,8.26
8,10,0.5,3.5,4.5
8,14,4.5,0.5,5.32
5,19,5.0,6.0,11.14
1,6,1.5,6.5,11.72
5,11,2.0,5.0,7.92
4,15,1.0,2.0,4.38
4,16,1.5,2.5,4.14
7,6,1.5,6.5,9.63
1,10,0.5,3.5,5.63
10,11,2.0,5.0,7.51
3,18,3.5,4.5,11.37
8,12,2.5,5.5,8.55
1,19,5.0,6.0,12.57
5,3,4.0,4.0,10.79
8,17,3.0,4.0,10.2
10,17,3.0,4.0,9.31
1,16,1.5,2.5,5.2
5,14,4.5,0.5,5.85
10,12,2.5,5.5,10.13
